[
  { "name": "Yangon", "country": "Myanmar" },
  { "name": "Mandalay", "country": "Myanmar" },
  { "name": "Naypyidaw", "country": "Myanmar" },
  { "name": "Bago", "country": "Myanmar" },
  { "name": "Mawlamyine", "country": "Myanmar" },
  { "name": "Pathein", "country": "Myanmar" },
  { "name": "Taunggyi", "country": "Myanmar" },
  { "name": "Sittwe", "country": "Myanmar" },
  { "name": "Myitkyina", "country": "Myanmar" },
  { "name": "Monywa", "country": "Myanmar" },
  { "name": "Bangkok", "country": "Thailand" },
  { "name": "Singapore", "country": "Singapore" },
  { "name": "Kuala Lumpur", "country": "Malaysia" },
  { "name": "Jakarta", "country": "Indonesia" },
  { "name": "Mecca", "country": "Saudi Arabia" },

  { "name": "London", "country": "England" },
  { "name": "Manchester", "country": "England" },
  { "name": "Birmingham", "country": "England" },
  
  { "name": "Houston", "country": "Texas, USA" },
  { "name": "Dallas", "country": "Texas, USA" },
  { "name": "Austin", "country": "Texas, USA" },
  { "name": "San Antonio", "country": "Texas, USA" },

  { "name": "Los Angeles", "country": "California, USA" },
  { "name": "San Francisco", "country": "California, USA" },
  { "name": "San Diego", "country": "California, USA" },

  { "name": "Sydney", "country": "Australia" },
  { "name": "Melbourne", "country": "Australia" },
  { "name": "Brisbane", "country": "Australia" },
  { "name": "Perth", "country": "Australia" }
]